# time (s), x coordinate (m), y coordinate (m)
0.000000000000000000e+00,1.102145480287895829e+01,0.000000000000000000e+00
3.600000000000000089e+00,1.097375022583730342e+01,6.902003539787174291e-02
7.200000000000000178e+00,1.092365398618664685e+01,1.374153403642698890e-01
1.080000000000000071e+01,1.087114864673809578e+01,2.051457915313413261e-01
1.440000000000000036e+01,1.081621865892928191e+01,2.721707611516689940e-01
1.800000000000000000e+01,1.075885071748823840e+01,3.384491770503149644e-01
2.160000000000000142e+01,1.069903412032668300e+01,4.039395960063547619e-01
2.519999999999999929e+01,1.063676113139540291e+01,4.686002907425527719e-01
2.880000000000000071e+01,1.057202734418426537e+01,5.323893505953251060e-01
3.239999999999999858e+01,1.050483204351182032e+01,5.952647958284751351e-01
3.600000000000000000e+01,1.043517856322495341e+01,6.571847054440523861e-01
3.960000000000000142e+01,1.036307463741740342e+01,7.181073582327681670e-01
4.320000000000000284e+01,1.028853274277766872e+01,7.779913866954047963e-01
4.680000000000000426e+01,1.021157042969196205e+01,8.367959433563013638e-01
5.039999999999999858e+01,1.013221063975597680e+01,8.944808788809781586e-01
5.400000000000000000e+01,1.005048200739101460e+01,9.510069313030058424e-01
5.760000000000000142e+01,9.966419143314393381e+00,1.006335925561006484e+00
6.120000000000000284e+01,9.880062897681725076e+00,1.060430982445905057e+00
6.479999999999999716e+01,9.791460600798647107e+00,1.113256735961894339e+00
6.840000000000000568e+01,9.700666279391962021e+00,1.164779558012678518e+00
7.200000000000000000e+01,9.607740846534277068e+00,1.214967789238087015e+00
7.560000000000000853e+01,9.512752263431746513e+00,1.263791974745639424e+00
7.920000000000000284e+01,9.415775671410887782e+00,1.311225103407749781e+00
8.279999999999999716e+01,9.316893492576967972e+00,1.357242849328458956e+00
8.640000000000000568e+01,9.216195497762591060e+00,1.401823814024405923e+00
9.000000000000000000e+01,9.113778840540156523e+00,1.444949767813658692e+00
9.360000000000000853e+01,9.009748056234894165e+00,1.486605888863434588e+00
9.720000000000000284e+01,8.904215025045655096e+00,1.526780998314013482e+00
1.007999999999999972e+02,8.797298898557512459e+00,1.565467789871634929e+00
1.044000000000000057e+02,8.689125989112737258e+00,1.602663052248120668e+00
1.080000000000000000e+02,8.579829621693876973e+00,1.638367882819618426e+00
1.116000000000000085e+02,8.469549948163546560e+00,1.672587890881362283e+00
1.152000000000000028e+02,8.358433723899247880e+00,1.705333388889846757e+00
1.187999999999999972e+02,8.246634047057151307e+00,1.736619570108350441e+00
1.224000000000000057e+02,8.134310060894808458e+00,1.766466671106263986e+00
1.260000000000000000e+02,8.021626619779111067e+00,1.794900117607260093e+00
1.295999999999999943e+02,7.908753919700581392e+00,1.821950652235712065e+00
1.332000000000000171e+02,7.795867094307638467e+00,1.847654442774852468e+00
1.368000000000000114e+02,7.683145777664132758e+00,1.872053169623731250e+00
1.404000000000000057e+02,7.570773635118402289e+00,1.895194091222719646e+00
1.440000000000000000e+02,7.458937863852371564e+00,1.917130086308902248e+00
1.475999999999999943e+02,7.347828664852876557e+00,1.937919671962642587e+00
1.512000000000000171e+02,7.237638688214397042e+00,1.957626996514642670e+00
1.548000000000000114e+02,7.128562453841093216e+00,1.976321806498278599e+00
1.584000000000000057e+02,7.020795749766163496e+00,1.994079386954436206e+00
1.620000000000000000e+02,6.914535010446914320e+00,2.010980474524921569e+00
1.655999999999999943e+02,6.809976677523821742e+00,2.027111142905013264e+00
1.692000000000000171e+02,6.707316545650870765e+00,2.042562660365430549e+00
1.728000000000000114e+02,6.606749096111284025e+00,2.057431319197910113e+00
1.764000000000000057e+02,6.508466821027509397e+00,2.071818237086285208e+00
1.800000000000000000e+02,6.412659541055789170e+00,2.085829130555391764e+00
1.835999999999999943e+02,6.319513719523881967e+00,2.099574060802781528e+00
1.872000000000000171e+02,6.229211776024595970e+00,2.113167152371989932e+00
1.908000000000000114e+02,6.141931402517755600e+00,2.126726285280481576e+00
1.944000000000000057e+02,6.057844885018632830e+00,2.140372761369255805e+00
1.980000000000000000e+02,5.977118433961270405e+00,2.154230945793774499e+00
2.015999999999999943e+02,5.899911526320900990e+00,2.168427884726490618e+00
2.052000000000000171e+02,5.826376262560167163e+00,2.183092900488878829e+00
2.088000000000000114e+02,5.756656741429411639e+00,2.198357165474803754e+00
2.124000000000000057e+02,5.690888455601945672e+00,2.214353256366312639e+00
2.160000000000000000e+02,5.629197711061071807e+00,2.231214690276882351e+00
2.195999999999999943e+02,5.571701073076757105e+00,2.249075444584760053e+00
2.232000000000000171e+02,5.518504841516932657e+00,2.268069462339790121e+00
2.268000000000000114e+02,5.469704558131366134e+00,2.288330145240074387e+00
2.304000000000000057e+02,5.425384548325662415e+00,2.309989836279376707e+00
2.340000000000000000e+02,5.385617499809449704e+00,2.333179294261595427e+00
2.375999999999999943e+02,5.350464080357150820e+00,2.358027162464395587e+00
2.412000000000000171e+02,5.319972596761979311e+00,2.384659433809406703e+00
2.448000000000000114e+02,5.294178696895331271e+00,2.413198914960964281e+00
2.484000000000000057e+02,5.273105116604687836e+00,2.443764691828500091e+00
2.520000000000000000e+02,5.256761472994683437e+00,2.476471598989034906e+00
2.555999999999999943e+02,5.245144105439007554e+00,2.511429695575472909e+00
2.591999999999999886e+02,5.238235965465830368e+00,2.548743750193023239e+00
2.628000000000000114e+02,5.236006556447906135e+00,2.588512737430032740e+00
2.664000000000000341e+02,5.238411923811050919e+00,2.630829348520531408e+00
2.700000000000000000e+02,5.245394696252471789e+00,2.675779518693651493e+00
2.736000000000000227e+02,5.256884178234470184e+00,2.723441973709868957e+00
2.771999999999999886e+02,5.272796493790331773e+00,2.773887798035601815e+00
2.808000000000000114e+02,5.293034781449146742e+00,2.827180027046301447e+00
2.844000000000000341e+02,5.317489439855344280e+00,2.883373265573672128e+00
2.880000000000000000e+02,5.346038423428907116e+00,2.942513335025679577e+00
2.916000000000000227e+02,5.378547587183510892e+00,3.004636951208267348e+00
2.951999999999999886e+02,5.414871079594560932e+00,3.069771434866150894e+00
2.988000000000000114e+02,5.454851782187259523e+00,3.137934456836585451e+00
3.024000000000000341e+02,5.498321794298242970e+00,3.209133819575397339e+00
3.060000000000000000e+02,5.545102961253668639e+00,3.283367276669210355e+00
3.096000000000000227e+02,5.595007444003178065e+00,3.360622391792396080e+00
3.131999999999999886e+02,5.647838328053640389e+00,3.440876438402352910e+00
3.168000000000000114e+02,5.703390269360244957e+00,3.524096341293049051e+00
3.204000000000000341e+02,5.761450174656056689e+00,3.610238660945149114e+00
3.240000000000000000e+02,5.821797913535674773e+00,3.699249621422231460e+00
3.276000000000000227e+02,5.884207059454692690e+00,3.791065182367360009e+00
3.311999999999999886e+02,5.948445656665352743e+00,3.885611155453778665e+00
3.348000000000000114e+02,6.014277009980608213e+00,3.982803365438303267e+00
3.384000000000000341e+02,6.081460494144436346e+00,4.082547855757364452e+00
3.420000000000000000e+02,6.149752379486379539e+00,4.184741138394395321e+00
3.456000000000000227e+02,6.218906670453520746e+00,4.289270487534583509e+00
3.491999999999999886e+02,6.288675953543441999e+00,4.396014276309623270e+00
3.528000000000000114e+02,6.358812251108277636e+00,4.504842355722442626e+00
3.564000000000000341e+02,6.429067877462349756e+00,4.615616474630718002e+00
3.600000000000000000e+02,6.499196293704814664e+00,4.728190739459484426e+00
3.636000000000000227e+02,6.568952957664074610e+00,4.842412112108328337e+00
3.671999999999999886e+02,6.638096165382754599e+00,4.958120944318652690e+00
3.708000000000000114e+02,6.706387880590499506e+00,5.075151546572189254e+00
3.744000000000000341e+02,6.773594548657083436e+00,5.193332789404507821e+00
3.780000000000000000e+02,6.839487891579556056e+00,5.312488734837567783e+00
3.816000000000000227e+02,6.903845680634762338e+00,5.432439295464475570e+00
3.851999999999999886e+02,6.966452483421921471e+00,5.553000918558462118e+00
3.888000000000000114e+02,7.027100382128381284e+00,5.673987292427279172e+00
3.924000000000000341e+02,7.085589659975520149e+00,5.795210072095269282e+00
3.960000000000000000e+02,7.141729452939507006e+00,5.916479621268263323e+00
3.996000000000000227e+02,7.195338363993339925e+00,6.037605767422544290e+00
4.031999999999999886e+02,7.246245037281354051e+00,6.158398566758848780e+00
4.068000000000000114e+02,7.294288689814401039e+00,6.278669075676518219e+00
4.104000000000000341e+02,7.339319598462402894e+00,6.398230125351727970e+00
4.140000000000000000e+02,7.381199540220205080e+00,6.516897095948176677e+00
4.176000000000000227e+02,7.419802183931511586e+00,6.634488686948841085e+00
4.211999999999999886e+02,7.455013431873290131e+00,6.750827680073678394e+00
4.248000000000000114e+02,7.486731709828394976e+00,6.865741691241121103e+00
4.284000000000000341e+02,7.514868204506135463e+00,6.979063908040703978e+00
4.320000000000000000e+02,7.539347047408264224e+00,7.090633809210683758e+00
4.356000000000000227e+02,7.560105444479698455e+00,7.200297862657524917e+00
4.391999999999999886e+02,7.577093751128945343e+00,7.307910198614504971e+00
4.428000000000000114e+02,7.590275492450569317e+00,7.413333254613275969e+00
4.464000000000000341e+02,7.599627328730793607e+00,7.516438389035748457e+00
4.500000000000000000e+02,7.605138966565523795e+00,7.617106460123167722e+00
4.536000000000000227e+02,7.606813016167321528e+00,7.715228367444849411e+00
4.571999999999999886e+02,7.604664795682109180e+00,7.810705552969921861e+00
4.608000000000000114e+02,7.598722083577393427e+00,7.903450459041465592e+00
4.644000000000000341e+02,7.589024820399534299e+00,7.993386940722603029e+00
4.680000000000000000e+02,7.575624761427643961e+00,8.080450630168181547e+00
4.716000000000000227e+02,7.558585081974408482e+00,8.164589250872428039e+00
4.751999999999999886e+02,7.537979937298999289e+00,8.245762879852296834e+00
4.788000000000000114e+02,7.513893979302486592e+00,8.323944156046261256e+00
4.824000000000000341e+02,7.486421832371668472e+00,8.399118433439213049e+00
4.860000000000000000e+02,7.455667530921224362e+00,8.471283877664005146e+00
4.896000000000000227e+02,7.421743921356434015e+00,8.540451505078644701e+00
4.931999999999999886e+02,7.384772031337741183e+00,8.606645163573499957e+00
4.968000000000000114e+02,7.344880409374339614e+00,8.669901454624637793e+00
5.004000000000000341e+02,7.302204437905090550e+00,8.730269596375887176e+00
5.040000000000000000e+02,7.256885623141539732e+00,8.787811227802345471e+00
5.076000000000000227e+02,7.209070865048404109e+00,8.842600154280718883e+00
5.111999999999999886e+02,7.158911710921845639e+00,8.894722035165765206e+00
5.148000000000000682e+02,7.106563596093941726e+00,8.944274014245754856e+00
5.183999999999999773e+02,7.052185075343222032e+00,8.991364294222268683e+00
5.220000000000000000e+02,6.995937048625626709e+00,9.036111656629369548e+00
5.256000000000000227e+02,6.937981984757232823e+00,9.078644928872819264e+00
5.292000000000000455e+02,6.878483146680028248e+00,9.119102400330664437e+00
5.328000000000000682e+02,6.817603821924342000e+00,9.157631189710345510e+00
5.363999999999999773e+02,6.755506561846790881e+00,9.194386566103824876e+00
5.400000000000000000e+02,6.692352433170642989e+00,9.229531226419409151e+00
5.436000000000000227e+02,6.628300285286624849e+00,9.263234532096129570e+00
5.472000000000000455e+02,6.563506036686909795e+00,9.295671708222203122e+00
5.508000000000000682e+02,6.498121983803462953e+00,9.327023008382528957e+00
5.543999999999999773e+02,6.432296135404705240e+00,9.357472848750052918e+00
5.580000000000000000e+02,6.366171575572224128e+00,9.387208915111113328e+00
5.616000000000000227e+02,6.299885858132478589e+00,9.416421246674994805e+00
5.652000000000000455e+02,6.233570435257905551e+00,9.445301300661416377e+00
5.688000000000000682e+02,6.167350122778298527e+00,9.474041001786314808e+00
5.723999999999999773e+02,6.101342604557728144e+00,9.502831780874920753e+00
5.760000000000000000e+02,6.035657978095254173e+00,9.531863606921294974e+00
5.796000000000000227e+02,5.970398343300478139e+00,9.561324016984636742e+00
5.832000000000000455e+02,5.905657436178482378e+00,9.591397148364135816e+00
5.868000000000000682e+02,5.841520308933816352e+00,9.622262777525630639e+00
5.903999999999999773e+02,5.778063057771388955e+00,9.654095370264759168e+00
5.940000000000000000e+02,5.715352599434007530e+00,9.687063147581739031e+00
5.976000000000000227e+02,5.653446497273607818e+00,9.721327171713282311e+00
6.012000000000000455e+02,5.592392837406608308e+00,9.757040456716341126e+00
6.048000000000000682e+02,5.532230155254884707e+00,9.794347107927226403e+00
6.083999999999999773e+02,5.472987412523623085e+00,9.833381494528115496e+00
6.120000000000000000e+02,5.414684024416994035e+00,9.874267459340899222e+00
6.156000000000000227e+02,5.357329936643565382e+00,9.917117569836758406e+00
6.192000000000000455e+02,5.300925751516677664e+00,9.962032414198748853e+00
6.228000000000000682e+02,5.245462902212073786e+00,1.000909994610468345e+01
6.263999999999999773e+02,5.190923874006717398e+00,1.005839488170934182e+01
6.300000000000000000e+02,5.137282471090824032e+00,1.010997815209958262e+01
6.336000000000000227e+02,5.084504127319819489e+00,1.016389641427316626e+01
6.372000000000000455e+02,5.032546259056491778e+00,1.022018162345430881e+01
6.408000000000000682e+02,4.981358658045892618e+00,1.027885066930552327e+01
6.443999999999999773e+02,4.930883922068847625e+00,1.033990507832877270e+01
6.480000000000000000e+02,4.881057920933933758e+00,1.040333078446916737e+01
6.516000000000000227e+02,4.831810295194701510e+00,1.046909796964357930e+01
6.552000000000000455e+02,4.783064984818453880e+00,1.053716097561513543e+01
6.588000000000000682e+02,4.734740784886741771e+00,1.060745828832429005e+01
6.623999999999999773e+02,4.686751925276097630e+00,1.067991259546927552e+01
6.660000000000000000e+02,4.639008671151280794e+00,1.075443091780470262e+01
6.696000000000000227e+02,4.591417941003081538e+00,1.083090481429808172e+01
6.732000000000000455e+02,4.543883938878820139e+00,1.090921066095188507e+01
6.768000000000000682e+02,4.496308797386793898e+00,1.098921000276468440e+01
6.803999999999999773e+02,4.448593228006191502e+00,1.107074997797048255e+01
6.840000000000000000e+02,4.400637175201872253e+00,1.115366381336227164e+01
6.876000000000000227e+02,4.352340470828746533e+00,1.123777138917516005e+01
6.912000000000000455e+02,4.303603485314003052e+00,1.132287987167842047e+01
6.948000000000000682e+02,4.254327772126222484e+00,1.140878441130500498e+01
6.983999999999999773e+02,4.204416702079389445e+00,1.149526890383410027e+01
7.020000000000000000e+02,4.153776084075938790e+00,1.158210681183751412e+01
7.056000000000000227e+02,4.102314768966627945e+00,1.166906204330642005e+01
7.092000000000000455e+02,4.049945233295437319e+00,1.175588988409203495e+01
7.128000000000000682e+02,3.996584139804694846e+00,1.184233798052404651e+01
7.163999999999999773e+02,3.942152871698610728e+00,1.192814736831475741e+01
7.200000000000000000e+02,3.886578037801686314e+00,1.201305354361673317e+01
7.236000000000000227e+02,3.829791945901637629e+00,1.209678757187839082e+01
7.272000000000000455e+02,3.771733041733442260e+00,1.217907722993598263e+01
7.308000000000000682e+02,3.712346311241428332e+00,1.225964817659374617e+01
7.343999999999999773e+02,3.651583643948774327e+00,1.233822514677690307e+01
7.380000000000000000e+02,3.589404155467711188e+00,1.241453316419574548e+01
7.416000000000000227e+02,3.525774467397879253e+00,1.248829876733434041e+01
7.452000000000000455e+02,3.460668943083817339e+00,1.255925124347473520e+01
7.488000000000000682e+02,3.394069877934191570e+00,1.262712386538758658e+01
7.523999999999999773e+02,3.325967643244099659e+00,1.269165512526383388e+01
7.560000000000000000e+02,3.256360782706390733e+00,1.275258996042923521e+01
7.596000000000000227e+02,3.185256061046971343e+00,1.280968096537473322e+01
7.632000000000000455e+02,3.112668464471857188e+00,1.286268958465133494e+01
7.668000000000000682e+02,3.038621152868230979e+00,1.291138728121782542e+01
7.703999999999999773e+02,2.963145363957429002e+00,1.295555667489385065e+01
7.740000000000000000e+02,2.886280269852844693e+00,1.299499264565918999e+01
7.776000000000000227e+02,2.808072786729127746e+00,1.302950339665203039e+01
7.812000000000000455e+02,2.728577338559425414e+00,1.305891147185514534e+01
7.848000000000000682e+02,2.647855576123553600e+00,1.308305472361730182e+01
7.883999999999999773e+02,2.565976052730535972e+00,1.310178722533897577e+01
7.920000000000000000e+02,2.483013858332778323e+00,1.311498012485439979e+01
7.956000000000000227e+02,2.399050213935052689e+00,1.312252243426655696e+01
7.992000000000000455e+02,2.314172028418204352e+00,1.312432175223599629e+01
8.028000000000000682e+02,2.228471420104018552e+00,1.312030491498844320e+01
8.063999999999999773e+02,2.142045205582942202e+00,1.311041857258788035e+01
8.100000000000000000e+02,2.054994358509242502e+00,1.309462968732103327e+01
8.136000000000000227e+02,1.967423441237754034e+00,1.307292595135385227e+01
8.172000000000000455e+02,1.879440012331862198e+00,1.304531612115008876e+01
8.208000000000000682e+02,1.791154013112704391e+00,1.301183026648439167e+01
8.243999999999999773e+02,1.702677136544261227e+00,1.297251993223668798e+01
8.280000000000000000e+02,1.614122181857075899e+00,1.292745821151872931e+01
8.316000000000000227e+02,1.525602398404570570e+00,1.287673972905695408e+01
8.352000000000000455e+02,1.437230822319295775e+00,1.282048053413549304e+01
8.388000000000000682e+02,1.349119609592011937e+00,1.275881790278880423e+01
8.423999999999999773e+02,1.261379369233579073e+00,1.269191004932237554e+01
8.460000000000000000e+02,1.174118500198099824e+00,1.261993574763096326e+01
8.496000000000000227e+02,1.087442535745404504e+00,1.254309386317546959e+01
8.532000000000000455e+02,1.001453498901819561e+00,1.246160279686925776e+01
8.568000000000000682e+02,9.162492726400217613e-01,1.237569984251169863e+01
8.603999999999999773e+02,8.319229883420088401e-01,1.228564045978862218e+01
8.640000000000000000e+02,7.485624360338460903e-01,1.219169746523467879e+01
8.676000000000000227e+02,6.662494997872679958e-01,1.209416014391974414e+01
8.712000000000000455e+02,5.850596215717057680e-01,1.199333328497868223e+01
8.748000000000000682e+02,5.050612967115696295e-01,1.188953614444931794e+01
8.783999999999999773e+02,4.263156039578906986e-01,1.178310133921618785e+01
8.820000000000000000e+02,3.488757730216780484e-01,1.167437367617528743e+01
8.856000000000000227e+02,2.727867922391111755e-01,1.156370892103698367e+01
8.892000000000000455e+02,1.980850588468645868e-01,1.145147251146852518e+01
8.928000000000000682e+02,1.247980741403273697e-01,1.133803821954306557e+01
8.963999999999999773e+02,5.294418556911784784e-02,1.122378676870736314e+01
9.000000000000000000e+02,-1.746762240564650112e-02,1.110910441070473809e+01
9.036000000000000227e+02,-8.643788710863953284e-02,1.099438146809159811e+01
9.072000000000000455e+02,-1.539767747686092980e-01,1.088001084816425035e+01
9.108000000000000682e+02,-2.201041348825746591e-01,1.076638653426751091e+01
9.143999999999999773e+02,-2.848495010163563657e-01,1.065390206058558675e+01
9.180000000000000000e+02,-3.482520375031966653e-01,1.054294897661990049e+01
9.216000000000000227e+02,-4.103604317778713484e-01,1.043391530763606312e+01
9.252000000000000455e+02,-4.712327323626070985e-01,1.032718401741315439e+01
9.288000000000000682e+02,-5.309361328016276582e-01,1.022313147965265046e+01
9.323999999999999773e+02,-5.895467021220724968e-01,1.012212596440113010e+01
9.360000000000000000e+02,-6.471490626789065947e-01,1.002452614581085300e+01
9.396000000000000227e+02,-7.038360165188299877e-01,9.930679637504260526e+00
9.432000000000000455e+02,-7.597081216718575281e-01,9.840921561724194078e+00
9.468000000000000682e+02,-8.148732200475683474e-01,9.755573158340109075e+00
9.503999999999999773e+02,-8.694459188749331657e-01,9.674940439642483625e+00
9.540000000000000000e+02,-9.235470278785619103e-01,9.599312896694106811e+00
9.576000000000000227e+02,-9.773029546289879743e-01,9.528962262817547213e+00
9.612000000000000455e+02,-1.030845060738949215e+00,9.464141339584795531e+00
9.648000000000000682e+02,-1.084308981800308658e+00,9.405082890437265419e+00
9.683999999999999773e+02,-1.137833914166077154e+00,9.351998606804722058e+00
9.720000000000000000e+02,-1.191561871877952150e+00,9.305078151309302825e+00
9.756000000000000227e+02,-1.245636917220719786e+00,9.264488282338820824e+00
9.792000000000000455e+02,-1.300204368549865208e+00,9.230372063951609363e+00
9.828000000000000682e+02,-1.355409989186850961e+00,9.202848164735398129e+00
9.863999999999999773e+02,-1.411399161307013372e+00,9.182010248886752990e+00
9.900000000000000000e+02,-1.468316048857018608e+00,9.167926462405791455e+00
9.936000000000000227e+02,-1.526302753631756826e+00,9.160639016916599431e+00
9.972000000000000455e+02,-1.585498468713842479e+00,9.160163873226595754e+00
1.000800000000000068e+03,-1.646038633532018070e+00,9.166490526331498856e+00
1.004399999999999977e+03,-1.708054094827367475e+00,9.179581893157001460e+00
1.008000000000000000e+03,-1.771670277828075291e+00,9.199374303906370898e+00
1.011600000000000023e+03,-1.837006371924279735e+00,9.225777597456072954e+00
1.015200000000000045e+03,-1.904174535104299126e+00,9.258675320811732945e+00
1.018800000000000068e+03,-1.973279121362212507e+00,9.297925032205462514e+00
1.022399999999999977e+03,-2.044415935214509705e+00,9.343358706985089412e+00
1.026000000000000000e+03,-2.117671517370507850e+00,9.394783245017823248e+00
1.029600000000000136e+03,-2.193122465487874706e+00,9.451981077907342765e+00
1.033200000000000045e+03,-2.270834793811215224e+00,9.514710873905800170e+00
1.036799999999999955e+03,-2.350863335338780669e+00,9.582708337992897896e+00
1.040400000000000091e+03,-2.433251189990702557e+00,9.655687104194493386e+00
1.044000000000000000e+03,-2.518029222062318606e+00,9.733339716825419430e+00
1.047600000000000136e+03,-2.605215610038899232e+00,9.815338696966062315e+00
1.051200000000000045e+03,-2.694815451624506419e+00,9.901337690122575808e+00
1.054799999999999955e+03,-2.786820426598477063e+00,9.990972690676906964e+00
1.058400000000000091e+03,-2.881208519859586481e+00,1.008386333840758020e+01
1.062000000000000000e+03,-2.977943806750861455e+00,1.017961428205570051e+01
1.065600000000000136e+03,-3.076976302479131675e+00,1.027781660462545688e+01
1.069200000000000045e+03,-3.178241877153480832e+00,1.037804930484501575e+01
1.072799999999999955e+03,-3.281662237667261284e+00,1.047988082897314399e+01
1.076400000000000091e+03,-3.387144977340807106e+00,1.058287064692125412e+01
1.080000000000000000e+03,-3.494583693927557189e+00,1.068657086646933863e+01
1.083600000000000136e+03,-3.603858176266559354e+00,1.079052787918954870e+01
1.087200000000000045e+03,-3.714834659540882988e+00,1.089428403155305602e+01
1.090799999999999955e+03,-3.827366148775610100e+00,1.099737931458511575e+01
1.094400000000000091e+03,-3.941292809882456005e+00,1.109935306535031430e+01
1.098000000000000000e+03,-4.056442427232222592e+00,1.119974567349548700e+01
1.101600000000000136e+03,-4.172630926412852936e+00,1.129810028605158223e+01
1.105200000000000045e+03,-4.289662960511037681e+00,1.139396450369838831e+01
1.108799999999999955e+03,-4.407332557941239237e+00,1.148689206172719146e+01
1.112400000000000091e+03,-4.525423829538500087e+00,1.157644448899605472e+01
1.116000000000000000e+03,-4.643711732332574726e+00,1.166219273826052927e+01
1.119600000000000136e+03,-4.761962887131798716e+00,1.174371878137844227e+01
1.123200000000000045e+03,-4.879936446767326075e+00,1.182061716303058319e+01
1.126799999999999955e+03,-4.997385011583365788e+00,1.189249650676954317e+01
1.130400000000000091e+03,-5.114055588507754990e+00,1.195898096740473804e+01
1.134000000000000000e+03,-5.229690589801541556e+00,1.201971162395339121e+01
1.137600000000000136e+03,-5.344028867366748869e+00,1.207434780763276905e+01
1.141200000000000045e+03,-5.456806778289736037e+00,1.212256835963799873e+01
1.144799999999999955e+03,-5.567759277114351590e+00,1.216407281374059579e+01
1.148400000000000091e+03,-5.676621030175619254e+00,1.219858249905475134e+01
1.152000000000000000e+03,-5.783127547181507566e+00,1.222584155864957900e+01
1.155600000000000136e+03,-5.887016325108627157e+00,1.224561788003466489e+01
1.159200000000000045e+03,-5.988027999377891319e+00,1.225770393391209545e+01
1.162799999999999955e+03,-6.085907497198896898e+00,1.226191751796872786e+01
1.166400000000000091e+03,-6.180405187917654253e+00,1.225810240287628083e+01
1.170000000000000000e+03,-6.271278025171548975e+00,1.224612887807237804e+01
1.173600000000000136e+03,-6.358290675648424539e+00,1.222589419531079180e+01
1.177200000000000045e+03,-6.441216629263663229e+00,1.219732290839252897e+01
1.180799999999999955e+03,-6.519839285609908330e+00,1.216036710791868103e+01
1.184400000000000091e+03,-6.593953011599040792e+00,1.211500655033967355e+01
1.188000000000000000e+03,-6.663364165304302311e+00,1.206124868101169767e+01
1.191600000000000136e+03,-6.727892081122805124e+00,1.199912855140791024e+01
1.195200000000000045e+03,-6.787370011513494283e+00,1.192870863106706203e+01
1.198799999999999955e+03,-6.841646020723548105e+00,1.185007851529462286e+01
1.202400000000000091e+03,-6.890583826095724618e+00,1.176335453005822096e+01
1.206000000000000000e+03,-6.934063582750300547e+00,1.166867923593951950e+01
1.209600000000000136e+03,-6.971982607656681985e+00,1.156622083341598639e+01
1.213200000000000045e+03,-7.004256039350738483e+00,1.145617247214678081e+01
1.216799999999999955e+03,-7.030817429813646768e+00,1.133875146732581030e+01
1.220400000000000091e+03,-7.051619265305015816e+00,1.121419842653961219e+01
1.224000000000000000e+03,-7.066633413236578676e+00,1.108277629092731154e+01
1.227600000000000136e+03,-7.075851492481064930e+00,1.094476929478194371e+01
1.231200000000000045e+03,-7.079285164833073019e+00,1.080048184805642464e+01
1.234799999999999955e+03,-7.076966345673213254e+00,1.065023734654164578e+01
1.238400000000000091e+03,-7.068947332232022873e+00,1.049437691476691015e+01
1.242000000000000000e+03,-7.055300848204828057e+00,1.033325808693379955e+01
1.245600000000000136e+03,-7.036120003830978575e+00,1.016725343143184546e+01
1.249200000000000045e+03,-7.011518170919397441e+00,9.996749124697405620e+00
1.252799999999999955e+03,-6.981628772675284367e+00,9.822143480364962542e+00
1.256400000000000091e+03,-6.946604988558536142e+00,9.643845439821953747e+00
1.260000000000000000e+03,-6.906619374781294951e+00,9.462273030413554054e+00
1.263600000000000136e+03,-6.861863401428178300e+00,9.277851797651914367e+00
1.267200000000000045e+03,-6.812546907556649600e+00,9.091013217865198115e+00
1.270799999999999955e+03,-6.758897476004857907e+00,8.902193097774565800e+00
1.274400000000000091e+03,-6.701159729998166448e+00,8.711829967512088047e+00
1.278000000000000000e+03,-6.639594554002558269e+00,8.520363473590057524e+00
1.281600000000000136e+03,-6.574478241620360208e+00,8.328232778300778349e+00
1.285200000000000045e+03,-6.506101573660799886e+00,8.135874971967792746e+00
1.288799999999999955e+03,-6.434768829842437476e+00,7.943723504383680911e+00
1.292400000000000091e+03,-6.360796737895375585e+00,7.752206641656961494e+00
1.296000000000000000e+03,-6.284513364126550705e+00,7.561745954551740923e+00
1.299600000000000136e+03,-6.206256949790418531e+00,7.372754844239487682e+00
1.303200000000000045e+03,-6.126374697868086194e+00,7.185637111193149629e+00
1.306799999999999955e+03,-6.045221515099511223e+00,7.000785572740817031e+00
1.310400000000000091e+03,-5.963158714334647392e+00,6.818580734560579337e+00
1.314000000000000000e+03,-5.880552682468759507e+00,6.639389521140528494e+00
1.317600000000000136e+03,-5.797773519404605835e+00,6.463564069950386681e+00
1.321200000000000045e+03,-5.715193653637387960e+00,6.291440593773635293e+00
1.324799999999999955e+03,-5.633186440188318045e+00,6.123338315334805770e+00
1.328400000000000091e+03,-5.552124746716875059e+00,5.959558478024949757e+00
1.332000000000000000e+03,-5.472379533721237088e+00,5.800383436182628749e+00
1.335600000000000136e+03,-5.394318434789428629e+00,5.646075828028509491e+00
1.339200000000000045e+03,-5.318304342890868952e+00,5.496877833980972738e+00
1.342799999999999955e+03,-5.244694008698480125e+00,5.353010522699551466e+00
1.346400000000000091e+03,-5.173836656905475451e+00,5.214673286814287323e+00
1.350000000000000000e+03,-5.106072626448413310e+00,5.082043369903937347e+00
1.353600000000000136e+03,-5.041732040469103282e+00,4.955275485886363462e+00
1.357200000000000045e+03,-4.981133511742792841e+00,4.834501531581728351e+00
1.360799999999999955e+03,-4.924582889169215605e+00,4.719830392805800301e+00
1.364400000000000091e+03,-4.872372050766932361e+00,4.611347843947855907e+00
1.368000000000000000e+03,-4.824777748430421731e+00,4.509116540587396749e+00
1.371600000000000136e+03,-4.782060509504940882e+00,4.413176104308511150e+00
1.375200000000000045e+03,-4.744463600006011639e+00,4.323543298480609032e+00
1.378799999999999955e+03,-4.712212054060668009e+00,4.240212293392766618e+00
1.382400000000000091e+03,-4.685511773876439356e+00,4.163155018756418357e+00
1.386000000000000000e+03,-4.664548704253074440e+00,4.092321601229977013e+00
1.389600000000000136e+03,-4.649488085342357024e+00,4.027640884270443422e+00
1.393200000000000045e+03,-4.640473787034253839e+00,3.969021027282672698e+00
1.396799999999999955e+03,-4.637627728004741101e+00,3.916350180718350948e+00
1.400400000000000091e+03,-4.641049382103054732e+00,3.869497233474803899e+00
1.404000000000000000e+03,-4.650815374385913081e+00,3.828312628660448969e+00
1.407600000000000136e+03,-4.666979168724532556e+00,3.792629243529480831e+00
1.411200000000000045e+03,-4.689570848518987312e+00,3.762263329144838409e+00
1.414799999999999955e+03,-4.718596991655576112e+00,3.737015505106514812e+00
1.418400000000000091e+03,-4.754040640437314558e+00,3.716671804482475583e+00
1.422000000000000000e+03,-4.795861366808517268e+00,3.701004763903136041e+00
1.425600000000000136e+03,-4.843995432782178590e+00,3.689774553627564124e+00
1.429200000000000045e+03,-4.898356045566354844e+00,3.682730142261475770e+00
1.432799999999999955e+03,-4.958833706474286451e+00,3.679610490703693060e+00
1.436400000000000091e+03,-5.025296652294583666e+00,3.680145769819572976e+00
1.440000000000000000e+03,-5.097591387394345475e+00,3.684058596287199450e+00
1.443600000000000136e+03,-5.175543304431256431e+00,3.691065281034870083e+00
1.447200000000000045e+03,-5.258957391162380368e+00,3.700877084686592600e+00
1.450799999999999955e+03,-5.347619020459382533e+00,3.713201474455973372e+00
1.454400000000000091e+03,-5.441294820273773425e+00,3.727743376977417089e+00
1.458000000000000000e+03,-5.539733619943286946e+00,3.744206421636973037e+00
1.461600000000000136e+03,-5.642667468893550975e+00,3.762294169062804450e+00
1.465200000000000045e+03,-5.749812723468361142e+00,3.781711319556297468e+00
1.468799999999999955e+03,-5.860871197320115300e+00,3.802164896389141457e+00
1.472400000000000091e+03,-5.975531370509273188e+00,3.823365399057906622e+00
1.476000000000000000e+03,-6.093469652200111497e+00,3.845027921775075352e+00
1.479600000000000136e+03,-6.214351691600736416e+00,3.866873232683256223e+00
1.483200000000000045e+03,-6.337833731579146423e+00,3.888628809506112560e+00
1.486799999999999955e+03,-6.463563999195317322e+00,3.910029827594304841e+00
1.490400000000000091e+03,-6.591184127222612155e+00,3.930820096586243650e+00
1.494000000000000000e+03,-6.720330600591190695e+00,3.950752942180318250e+00
1.497600000000000136e+03,-6.850636221572147022e+00,3.969592029806164213e+00
1.501200000000000045e+03,-6.981731587434196307e+00,3.987112127285850072e+00
1.504799999999999955e+03,-7.113246574245657428e+00,4.003099803890360242e+00
1.508400000000000091e+03,-7.244811820463508134e+00,4.017354063520729213e+00
1.512000000000000000e+03,-7.376060203947852223e+00,4.029686910074894435e+00
1.515600000000000136e+03,-7.506628306065723955e+00,4.039923843399618519e+00
1.519200000000000045e+03,-7.636157856601245797e+00,4.047904284569521671e+00
1.522799999999999955e+03,-7.764297153270501184e+00,4.053481929581177923e+00
1.526400000000000091e+03,-7.890702449748301817e+00,4.056525030897288886e+00
1.530000000000000000e+03,-8.015039306250018925e+00,4.056916606622886334e+00
1.533600000000000136e+03,-8.136983896874459887e+00,4.054554577440456775e+00
1.537200000000000045e+03,-8.256224268101979291e+00,4.049351831772121990e+00
1.540799999999999955e+03,-8.372461543055905508e+00,4.041236219973286303e+00
1.544400000000000091e+03,-8.485411066372920530e+00,4.030150478691522764e+00
1.548000000000000000e+03,-8.594803484789061088e+00,4.016052086845636637e+00
1.551600000000000136e+03,-8.700385758830705640e+00,3.998913054991124039e+00
1.555200000000000045e+03,-8.801922101303725654e+00,3.978719650138583752e+00
1.558799999999999955e+03,-8.899194838596626411e+00,3.955472058379001510e+00
1.562400000000000091e+03,-8.992005191154955668e+00,3.929183987943812184e+00
1.566000000000000000e+03,-9.080173969841085935e+00,3.899882215585991574e+00
1.569600000000000136e+03,-9.163542185266217999e+00,3.867606079410986997e+00
1.573200000000000045e+03,-9.241971567566716672e+00,3.832406921511227971e+00
1.576799999999999955e+03,-9.315344994493818476e+00,3.794347483964638723e+00
1.580400000000000091e+03,-9.383566826092634372e+00,3.753501261945188627e+00
1.584000000000000000e+03,-9.446563144660606426e+00,3.709951817860859258e+00
1.587600000000000136e+03,-9.504281899096627129e+00,3.663792060581445131e+00
1.591200000000000045e+03,-9.556692953176341376e+00,3.615123493943958710e+00
1.594799999999999955e+03,-9.603788037716455506e+00,3.564055438827365307e+00
1.598400000000000091e+03,-9.645580607018080954e+00,3.510704233169910982e+00
1.602000000000000000e+03,-9.682105600404836920e+00,3.455192414361712760e+00
1.605600000000000136e+03,-9.713419110093656883e+00,3.397647888481885481e+00
1.609200000000000045e+03,-9.739597957053009125e+00,3.338203090863671729e+00
1.612799999999999955e+03,-9.760739176912773374e+00,3.276994142462643644e+00
1.616400000000000091e+03,-9.776959418390045897e+00,3.214160006472216669e+00
1.620000000000000000e+03,-9.788394257084828354e+00,3.149841649577977520e+00
1.623600000000000136e+03,-9.795197427875955043e+00,3.084181212167801611e+00
1.627200000000000045e+03,-9.797539979509679142e+00,3.017321191718982387e+00
1.630799999999999955e+03,-9.795609355319619738e+00,2.949403643467410685e+00
1.634400000000000091e+03,-9.789608404345049308e+00,2.880569402327660899e+00
1.638000000000000000e+03,-9.779754327423777482e+00,2.810957329877532551e+00
1.641600000000000136e+03,-9.766277563124649674e+00,2.740703590047251836e+00
1.645200000000000045e+03,-9.749420618651466697e+00,2.669940956962645107e+00
1.648799999999999955e+03,-9.729436851093856475e+00,2.598798158184906448e+00
1.652400000000000091e+03,-9.706589204620252431e+00,2.527399256367441449e+00
1.656000000000000000e+03,-9.681148909402503833e+00,2.455863072114560897e+00
1.659600000000000136e+03,-9.653394148229635263e+00,2.384302650578223659e+00
1.663200000000000045e+03,-9.623608696910000759e+00,2.312824774069456968e+00
1.666799999999999955e+03,-9.592080544674619347e+00,2.241529522691291909e+00
1.670400000000000091e+03,-9.559100500880466811e+00,2.170509884722002791e+00
1.674000000000000000e+03,-9.524960794369741635e+00,2.099851418192212549e+00
1.677600000000000136e+03,-9.489953671869757912e+00,2.029631964808647826e+00
1.681200000000000045e+03,-9.454370001817828495e+00,1.959921417082543416e+00
1.684799999999999955e+03,-9.418497889966539915e+00,1.890781539223344909e+00
1.688400000000000091e+03,-9.382621313066625390e+00,1.822265842059971774e+00
1.692000000000000000e+03,-9.347018776838607934e+00,1.754419511954057098e+00
1.695600000000000136e+03,-9.311962004329549458e+00,1.687279393373863901e+00
1.699200000000000045e+03,-9.277714660609342801e+00,1.620874024505241984e+00
1.702799999999999955e+03,-9.244531119591682611e+00,1.555223724988840317e+00
1.706400000000000091e+03,-9.212655278569686246e+00,1.490340734592094485e+00
1.710000000000000000e+03,-9.182319425835197890e+00,1.426229401351672088e+00
1.713600000000000136e+03,-9.153743166506004059e+00,1.362886417458610389e+00
1.717200000000000045e+03,-9.127132411416784663e+00,1.300301100905480567e+00
1.720799999999999955e+03,-9.102678433639082911e+00,1.238455720673887095e+00
1.724400000000000091e+03,-9.080556996884888932e+00,1.177325863012770091e+00
1.728000000000000000e+03,-9.060927559717606883e+00,1.116880836144253486e+00
1.731600000000000136e+03,-9.043932559146188765e+00,1.057084110535450483e+00
1.735200000000000045e+03,-9.029696776813596060e+00,9.978937916924585094e-01
1.738799999999999955e+03,-9.018326790611697064e+00,9.392631222679901359e-01
1.742400000000000091e+03,-9.009910514162555728e+00,8.811410101269950834e-01
1.746000000000000000e+03,-9.004516826203179392e+00,8.234725788865152607e-01
1.749600000000000136e+03,-9.002195291498184204e+00,7.661997373370521558e-01
1.753200000000000045e+03,-9.002975974485039501e+00,7.092617640636906806e-01
1.756799999999999955e+03,-9.006869346431406242e+00,6.525959035164542454e-01
1.760400000000000091e+03,-9.013866286454874199e+00,5.961379697311459669e-01
1.764000000000000000e+03,-9.023938176325158267e+00,5.398229538745763501e-01
1.767600000000000136e+03,-9.037037088538427909e+00,4.835856317815672156e-01
1.771200000000000045e+03,-9.053096066725583313e+00,4.273611676655688640e-01
1.774799999999999955e+03,-9.072029497032643164e+00,3.710857102199503488e-01
1.778400000000000091e+03,-9.093733568693814107e+00,3.146969773828658945e-01
1.782000000000000000e+03,-9.118086821608395454e+00,2.581348261146191869e-01
1.785600000000000136e+03,-9.144950778333152286e+00,2.013418036325320126e-01
1.789200000000000045e+03,-9.174170657513943894e+00,1.442636766634628198e-01
1.792799999999999955e+03,-9.205576165406153422e+00,8.684993540820036551e-02
1.796400000000000091e+03,-9.238982361774498386e+00,2.905426906392079983e-02
1.800000000000000000e+03,-9.274190596120375218e+00,-2.916499007991970455e-02
1.803600000000000136e+03,-9.310989509861471447e+00,-8.784445677139890440e-02
1.807200000000000045e+03,-9.349156099784153184e+00,-1.470153197499959319e-01
1.810799999999999955e+03,-9.388456837806776534e+00,-2.067030079077885885e-01
1.814400000000000091e+03,-9.428648841832078631e+00,-2.669268978130596159e-01
1.818000000000000000e+03,-9.469481092230463304e+00,-3.277000645112482791e-01
1.821600000000000136e+03,-9.510695688284600990e+00,-3.890290772673608566e-01
1.825200000000000045e+03,-9.552029138740479652e+00,-4.509138416537415428e-01
1.828799999999999955e+03,-9.593213680450809022e+00,-5.133474891189820921e-01
1.832400000000000091e+03,-9.633978618965404195e+00,-5.763163148988047491e-01
1.836000000000000000e+03,-9.674051684819769292e+00,-6.397997648499330614e-01
1.839600000000000136e+03,-9.713160399197985129e+00,-7.037704715042036874e-01
1.843200000000000045e+03,-9.751033442599851497e+00,-7.681943393543202436e-01
1.846799999999999955e+03,-9.787402020125519186e+00,-8.330306790960776420e-01
1.850400000000000091e+03,-9.822001217002348739e+00,-8.982323902660508397e-01
1.854000000000000000e+03,-9.854571338020351234e+00,-9.637461914302718480e-01
1.857600000000000136e+03,-9.884859224612618789e+00,-1.029512896799715582e+00
1.861200000000000045e+03,-9.912619543415576828e+00,-1.095467737873948577e+00
1.864799999999999955e+03,-9.937616040270981443e+00,-1.161540728446602833e+00
1.868400000000000091e+03,-9.959622753786241844e+00,-1.227657071046793558e+00
1.872000000000000000e+03,-9.978425182750411793e+00,-1.293737602640461226e+00
1.875600000000000136e+03,-9.993821401911473501e+00,-1.359699277176626087e+00
1.879200000000000045e+03,-1.000562312085246930e+01,-1.425455682336284946e+00
1.882799999999999955e+03,-1.001365668096118711e+01,-1.490917587628238561e+00
1.886400000000000091e+03,-1.001776398576749827e+01,-1.555993520776902228e+00
1.890000000000000000e+03,-1.001780336022421913e+01,-1.620590369163753541e+00
1.893600000000000136e+03,-1.001365033482839095e+01,-1.684614002917148801e+00
1.897200000000000045e+03,-1.000519835082097053e+01,-1.747969916096042242e+00
1.900799999999999955e+03,-9.992359383060678724e+00,-1.810563882282301806e+00
1.904400000000000091e+03,-9.975064477540826147e+00,-1.872302620784553673e+00
1.908000000000000000e+03,-9.953264200906271952e+00,-1.933094469564784479e+00
1.911600000000000136e+03,-9.926928999726699843e+00,-1.992850060927360722e+00
1.915200000000000045e+03,-9.896049467693128321e+00,-2.051482995959619693e+00
1.918799999999999955e+03,-9.860636519323316307e+00,-2.108910513683768695e+00
1.922400000000000091e+03,-9.820721469186912245e+00,-2.165054150871947858e+00
1.926000000000000000e+03,-9.776356016091904522e+00,-2.219840388489935368e+00
1.929600000000000136e+03,-9.727612132106527199e+00,-2.273201280770349442e+00
1.933200000000000045e+03,-9.674581856725039231e+00,-2.325075062973100071e+00
1.936799999999999955e+03,-9.617376996918189036e+00,-2.375406733969041007e+00
1.940400000000000091e+03,-9.556128734239095479e+00,-2.424148609882192940e+00
1.944000000000000000e+03,-9.490987140579740355e+00,-2.471260845145920815e+00
1.947600000000000136e+03,-9.422120604590876525e+00,-2.516711917468669846e+00
1.951200000000000045e+03,-9.349715171187032325e+00,-2.560479073364678726e+00
1.954799999999999955e+03,-9.273973796956262561e+00,-2.602548731083785594e+00
1.958400000000000091e+03,-9.195115524679723151e+00,-2.642916837971106325e+00
1.962000000000000000e+03,-9.113374580537634273e+00,-2.681589179501366438e+00
1.965600000000000136e+03,-9.028999397933260340e+00,-2.718581637462659462e+00
1.969200000000000045e+03,-8.942251572204225951e+00,-2.753920395009649802e+00
1.972799999999999955e+03,-8.853404750809351853e+00,-2.787642086565311761e+00
1.976400000000000091e+03,-8.762743463877031402e+00,-2.819793890822209992e+00
1.980000000000000000e+03,-8.670561900277302669e+00,-2.850433565377532563e+00
1.983600000000000136e+03,-8.577162634632969684e+00,-2.879629421829475344e+00
1.987200000000000045e+03,-8.482855310913723912e+00,-2.907460240464556200e+00
1.990799999999999955e+03,-8.387955288460462455e+00,-2.934015123974538675e+00
1.994400000000000091e+03,-8.292782256464448665e+00,-2.959393289956601780e+00
1.998000000000000000e+03,-8.197658823075567369e+00,-2.983703802269209948e+00
2.001600000000000136e+03,-8.102909085436539982e+00,-3.007065241637765673e+00
2.005200000000000045e+03,-8.008857187033868286e+00,-3.029605316226569922e+00
2.008799999999999955e+03,-7.915825868821535494e+00,-3.051460413215448142e+00
2.012400000000000091e+03,-7.824135020609625180e+00,-3.072775092739012059e+00
2.016000000000000000e+03,-7.734100239217259087e+00,-3.093701525862178947e+00
2.019600000000000136e+03,-7.646031399867010414e+00,-3.114398878575984408e+00
2.023200000000000045e+03,-7.560231247246484543e+00,-3.135032644100771204e+00
2.026799999999999955e+03,-7.476994012582841798e+00,-3.155773926078648817e+00
2.030400000000000091e+03,-7.396604062967093718e+00,-3.176798675521548265e+00
2.034000000000000000e+03,-7.319334589028192006e+00,-3.198286884654137907e+00
2.037600000000000136e+03,-7.245446336892996442e+00,-3.220421741050917053e+00
2.041200000000000045e+03,-7.175186390176983231e+00,-3.243388745712207033e+00
2.044799999999999955e+03,-7.108787007533983626e+00,-3.267374798953673665e+00
2.048400000000000091e+03,-7.046464521051687413e+00,-3.292567258196927860e+00
2.052000000000000000e+03,-6.988418300514305237e+00,-3.319152971943542418e+00
2.055599999999999909e+03,-6.934829788265717276e+00,-3.347317294390336873e+00
2.059200000000000273e+03,-6.885861609097402969e+00,-3.377243085299320047e+00
2.062800000000000182e+03,-6.841656759256527387e+00,-3.409109699869905974e+00
2.066400000000000091e+03,-6.802337878321633724e+00,-3.443091973473353828e+00
2.070000000000000000e+03,-6.768006607329731139e+00,-3.479359206199315491e+00
2.073599999999999909e+03,-6.738743036158532540e+00,-3.518074152230727059e+00
2.077200000000000273e+03,-6.714605242774922544e+00,-3.559392019106194738e+00
2.080800000000000182e+03,-6.695628926556040916e+00,-3.603459481947747900e+00
2.084400000000000091e+03,-6.681827137474735778e+00,-3.650413717726138874e+00
2.088000000000000000e+03,-6.673190102518340439e+00,-3.700381464605545290e+00
2.091599999999999909e+03,-6.669685150281297936e+00,-3.753478111354924263e+00
2.095200000000000273e+03,-6.671256734238898645e+00,-3.809806821733816573e+00
2.098800000000000182e+03,-6.677826554774211054e+00,-3.869457698656821432e+00
2.102400000000000091e+03,-6.689293779594661871e+00,-3.932506992813301405e+00
2.106000000000000000e+03,-6.705535361740887268e+00,-3.999016360267812598e+00
2.109599999999999909e+03,-6.726406453959770104e+00,-4.069032173392230334e+00
2.113200000000000273e+03,-6.751740917788999319e+00,-4.142584889284205651e+00
2.116800000000000182e+03,-6.781351925282777415e+00,-4.219688479608141307e+00
2.120400000000000091e+03,-6.815032650899891742e+00,-4.300339925555817011e+00
2.124000000000000000e+03,-6.852557050678528938e+00,-4.384518781365150275e+00
2.127599999999999909e+03,-6.893680725437418388e+00,-4.472186809557849863e+00
2.131200000000000273e+03,-6.938141864373355006e+00,-4.563287690761686832e+00
2.134800000000000182e+03,-6.985662265071384880e+00,-4.657746810671736348e+00
2.138400000000000091e+03,-7.035948425608111734e+00,-4.755471126378473912e+00
2.142000000000000000e+03,-7.088692704111950071e+00,-4.856349113950763297e+00
2.145599999999999909e+03,-7.143574540848094401e+00,-4.960250798809635597e+00
2.149200000000000273e+03,-7.200261737622071223e+00,-5.067027870066339368e+00
2.152800000000000182e+03,-7.258411789044741269e+00,-5.176513879626654990e+00
2.156400000000000091e+03,-7.317673259975030930e+00,-5.288524526484658317e+00
2.160000000000000000e+03,-7.377687203255262283e+00,-5.402858026244977907e+00
2.163599999999999909e+03,-7.438088611678717932e+00,-5.519295565524437563e+00
2.167200000000000273e+03,-7.498507897980632109e+00,-5.637601840493831951e+00
2.170800000000000182e+03,-7.558572396522887260e+00,-5.757525678430162941e+00
2.174400000000000091e+03,-7.617907880249830121e+00,-5.878800740760759425e+00
2.178000000000000000e+03,-7.676140086428175913e+00,-6.001146305695200134e+00
2.181599999999999909e+03,-7.732896244648002515e+00,-6.124268128160335500e+00
2.185200000000000273e+03,-7.787806600554922909e+00,-6.247859374380288600e+00
2.188800000000000182e+03,-7.840505928805205471e+00,-6.371601628078328972e+00
2.192400000000000091e+03,-7.890635028785829341e+00,-6.495165964922838597e+00
2.196000000000000000e+03,-7.937842196720541921e+00,-6.618214091497382157e+00
2.199599999999999909e+03,-7.981784667889243678e+00,-6.740399544745649507e+00
2.203200000000000273e+03,-8.022130022822821616e+00,-6.861368947529050466e+00
2.206800000000000182e+03,-8.058557551496040361e+00,-6.980763315637534383e+00
2.210400000000000091e+03,-8.090759569728767531e+00,-7.098219411316232907e+00
2.214000000000000000e+03,-8.118442682217809292e+00,-7.213371138111376979e+00
2.217599999999999909e+03,-8.141328986858468397e+00,-7.325850971601385986e+00
2.221200000000000273e+03,-8.159157215274710495e+00,-7.435291420363291159e+00
2.224800000000000182e+03,-8.171683804758284708e+00,-7.541326511332135496e+00
2.228400000000000091e+03,-8.178683897119936930e+00,-7.643593293543204936e+00
2.232000000000000000e+03,-8.179952260277147502e+00,-7.741733354103773834e+00
2.235599999999999909e+03,-8.175304128742610033e+00,-7.835394340124430812e+00
2.239200000000000273e+03,-8.164575959533186378e+00,-7.924231480249602555e+00
2.242800000000000182e+03,-8.147626100389855353e+00,-8.007909099364422190e+00
2.246400000000000091e+03,-8.124335367582224521e+00,-8.086102120019345918e+00
2.250000000000000000e+03,-8.094607530966271725e+00,-8.158497544107271793e+00
2.253599999999999909e+03,-8.058369704367970954e+00,-8.224795908348847107e+00
2.257200000000000273e+03,-8.015572639777433395e+00,-8.284712707190962533e+00
2.260800000000000182e+03,-7.966190924255876382e+00,-8.337979776801381249e+00
2.264400000000000091e+03,-7.910223078879536018e+00,-8.384346633948140948e+00
2.268000000000000000e+03,-7.847691559468281675e+00,-8.423581763685991319e+00
2.271599999999999909e+03,-7.778642659270743387e+00,-8.455473849933145658e+00
2.275200000000000273e+03,-7.703146314200065348e+00,-8.479832943209464347e+00
2.278800000000000182e+03,-7.621295811633037154e+00,-8.496491560021020462e+00
2.282400000000000091e+03,-7.533207404198781987e+00,-8.505305708615479077e+00
2.286000000000000000e+03,-7.439019830389178800e+00,-8.506155836096221279e+00
2.289599999999999909e+03,-7.338893744220220228e+00,-8.498947692170538915e+00
2.293200000000000273e+03,-7.233011056559930374e+00,-8.483613105116409869e+00
2.296800000000000182e+03,-7.121574191112125973e+00,-8.460110665883055603e+00
2.300400000000000091e+03,-7.004805258405293777e+00,-8.428426316590490686e+00
2.304000000000000000e+03,-6.882945151479498591e+00,-8.388573840061846809e+00
2.307599999999999909e+03,-6.756252567291934241e+00,-8.340595247407458501e+00
2.311200000000000273e+03,-6.625002958169326384e+00,-8.284561061080117028e+00
2.314800000000000182e+03,-6.489487417924523882e+00,-8.220570491234781230e+00
2.318400000000000091e+03,-6.350011507522109078e+00,-8.148751503651979533e+00
2.322000000000000000e+03,-6.206894025422426964e+00,-8.069260777919348371e+00
2.325599999999999909e+03,-6.060465727956536597e+00,-7.982283555010257992e+00
2.329200000000000273e+03,-5.911068005281195248e+00,-7.888033373847934904e+00
2.332800000000000182e+03,-5.759051518637038569e+00,-7.786751696898490671e+00
2.336400000000000091e+03,-5.604774804779219188e+00,-7.678707425292722988e+00
2.340000000000000000e+03,-5.448602853571749449e+00,-7.564196304434203988e+00
2.343599999999999909e+03,-5.290905664829965716e+00,-7.443540221506511401e+00
2.347200000000000273e+03,-5.132056790563965798e+00,-7.317086396745409616e+00
2.350800000000000182e+03,-4.972431868814465972e+00,-7.185206470787663058e+00
2.354400000000000091e+03,-4.812407155286613225e+00,-7.048295490848750511e+00
2.358000000000000000e+03,-4.652358058971245214e+00,-6.906770798910660147e+00
2.361599999999999909e+03,-4.492657687902216423e+00,-6.761070825520784311e+00
2.365200000000000273e+03,-4.333675411129515709e+00,-6.611653793208426499e+00
2.368800000000000182e+03,-4.175775442892271982e+00,-6.458996333916356747e+00
2.372400000000000091e+03,-4.019315454855474812e+00,-6.303592025219804995e+00
2.376000000000000000e+03,-3.864645222126864788e+00,-6.145949850460941555e+00
2.379599999999999909e+03,-3.712105308600523124e+00,-5.986592588264323389e+00
2.383200000000000273e+03,-3.562025796977753789e+00,-5.826055137212804880e+00
2.386800000000000182e+03,-3.414725068599734570e+00,-5.664882781757340169e+00
2.390400000000000091e+03,-3.270508637985764633e+00,-5.503629405701041755e+00
2.394000000000000000e+03,-3.129668046712751561e+00,-5.342855659842803639e+00
2.397599999999999909e+03,-2.992479820990869399e+00,-5.183127090580798679e+00
2.401200000000000273e+03,-2.859204496994962152e+00,-5.025012236467747861e+00
2.404800000000000182e+03,-2.730085717696078440e+00,-4.869080699869207329e+00
2.408400000000000091e+03,-2.605349404609781594e+00,-4.715901201009814692e+00
2.412000000000000000e+03,-2.485203007535224717e+00,-4.566039621794601544e+00
2.415599999999999909e+03,-2.369834835004213769e+00,-4.420057046864658723e+00
2.419200000000000273e+03,-2.259413467795484465e+00,-4.278507809389240357e+00
2.422800000000000182e+03,-2.154087257495068908e+00,-4.141937549106486927e+00
2.426400000000000091e+03,-2.053983911704230891e+00,-4.010881290106591557e+00
2.430000000000000000e+03,-1.959210167109614487e+00,-3.885861545799017769e+00
2.433599999999999909e+03,-1.869851551242311283e+00,-3.767386458425776130e+00
2.437200000000000273e+03,-1.785972233360440642e+00,-3.655947980369230521e+00
2.440800000000000182e+03,-1.707614964500068888e+00,-3.552020104362610731e+00
2.444400000000000091e+03,-1.634801106349224931e+00,-3.456057149538661388e+00
2.448000000000000000e+03,-1.567530748215025138e+00,-3.368492110052732968e+00
2.451599999999999909e+03,-1.505782910972970123e+00,-3.289735072787569159e+00
2.455200000000000273e+03,-1.449515836514400746e+00,-3.220171710391954267e+00
2.458800000000000182e+03,-1.398667360843337981e+00,-3.160161855624056049e+00
2.462400000000000091e+03,-1.353155368618897514e+00,-3.110038162663212091e+00
2.466000000000000000e+03,-1.312878326597098244e+00,-3.070104860724478524e+00
2.469599999999999909e+03,-1.277715893095630495e+00,-3.040636604956969524e+00
2.473200000000000273e+03,-1.247529600290632423e+00,-3.021877429234316903e+00
2.476800000000000182e+03,-1.222163605854915680e+00,-3.014039805051992982e+00
2.480400000000000091e+03,-1.201445510165824349e+00,-3.017303810336534831e+00
2.484000000000000000e+03,-1.185187235047070020e+00,-3.031816411544435930e+00
2.487599999999999909e+03,-1.173185959765477016e+00,-3.057690861988155095e+00
2.491200000000000273e+03,-1.165225109780054114e+00,-3.095006218873265436e+00
2.494800000000000182e+03,-1.161075393539220180e+00,-3.143806981067027717e+00
2.498400000000000091e+03,-1.160495882442369675e+00,-3.204102849146431176e+00
2.502000000000000000e+03,-1.163235128925474759e+00,-3.275868608794683112e+00
2.505599999999999909e+03,-1.169032317497421092e+00,-3.359044138131487056e+00
2.509200000000000273e+03,-1.177618443444807816e+00,-3.453534539076550391e+00
2.512800000000000182e+03,-1.188717513838378759e+00,-3.559210392358440611e+00
2.516400000000000091e+03,-1.202047765414416158e+00,-3.675908135296341861e+00
2.520000000000000000e+03,-1.217322893869246636e+00,-3.803430560999518040e+00
2.523599999999999909e+03,-1.234253289094863204e+00,-3.941547437153947619e+00
2.527200000000000273e+03,-1.252547270898034082e+00,-4.089996242095665480e+00
2.530800000000000182e+03,-1.271912319784407108e+00,-4.248483015412007902e+00
2.534400000000000091e+03,-1.292056297452244928e+00,-4.416683319862668711e+00
2.538000000000000000e+03,-1.312688651727616618e+00,-4.594243310978703754e+00
2.541599999999999909e+03,-1.333521600783115435e+00,-4.780780910276943629e+00
2.545200000000000273e+03,-1.354271291615179784e+00,-4.975887077624170374e+00
2.548800000000000182e+03,-1.374658927910048734e+00,-5.179127177901367673e+00
2.552400000000000091e+03,-1.394411862604262531e+00,-5.390042436752399801e+00
2.556000000000000000e+03,-1.413264650641838704e+00,-5.608151479859525779e+00
2.559599999999999909e+03,-1.430960057645459971e+00,-5.832951949866454378e+00
2.563200000000000273e+03,-1.447250020452408137e+00,-6.063922194774892027e+00
2.566800000000000182e+03,-1.461896555716055701e+00,-6.300523021368143795e+00
2.570400000000000091e+03,-1.474672613039684110e+00,-6.542199506972879774e+00
2.574000000000000000e+03,-1.485362869389382778e+00,-6.788382862651380911e+00
2.577599999999999909e+03,-1.493764461826020851e+00,-7.038492340730341468e+00
2.581200000000000273e+03,-1.499687655900666661e+00,-7.291937179410364678e+00
2.584800000000000182e+03,-1.502956447372740589e+00,-7.548118577073225310e+00
2.588400000000000091e+03,-1.503409095233066317e+00,-7.806431688802254243e+00
2.592000000000000000e+03,-1.500898584344440678e+00,-8.066267637563111492e+00
2.595599999999999909e+03,-1.495293016347738257e+00,-8.327015532454417723e+00
2.599200000000000273e+03,-1.486475927821164333e+00,-8.588064486428638844e+00
2.602800000000000182e+03,-1.474346535021904714e+00,-8.848805625909212935e+00
2.606400000000000091e+03,-1.458819904881837992e+00,-9.108634084781284557e+00
2.610000000000000000e+03,-1.439827052270411079e+00,-9.366950975320506245e+00
2.613599999999999909e+03,-1.417314963876715961e+00,-9.623165328735579394e+00
2.617200000000000273e+03,-1.391246549397701315e+00,-9.876695998146885813e+00
2.620800000000000182e+03,-1.361600521048757839e+00,-1.012697351699260473e+01
2.624400000000000091e+03,-1.328371202735041390e+00,-1.037344190605679550e+01
2.628000000000000000e+03,-1.291568270535720098e+00,-1.061556042253826782e+01
2.631599999999999909e+03,-1.251216426456846609e+00,-1.085280524483424891e+01
2.635200000000000273e+03,-1.207355007701099492e+00,-1.108467108698921066e+01
2.638800000000000182e+03,-1.160037533982491098e+00,-1.131067273706074872e+01
2.642400000000000091e+03,-1.109331195679904347e+00,-1.153034651397889654e+01
2.646000000000000000e+03,-1.055316285874679183e+00,-1.174325163781788639e+01
2.649599999999999909e+03,-9.980855795520290341e-01,-1.194897150876507830e+01
2.653200000000000273e+03,-9.377436634643739888e-01,-1.214711489045087411e+01
2.656800000000000182e+03,-8.744062203541517198e-01,-1.233731699370299140e+01
2.660400000000000091e+03,-8.081992714152835822e-01,-1.251924045719822765e+01
2.664000000000000000e+03,-7.392583810335310313e-01,-1.269257622191082469e+01
2.667599999999999909e+03,-6.677278279879741429e-01,-1.285704429668997761e+01
2.671200000000000273e+03,-5.937597474159751476e-01,-1.301239441274433872e+01
2.674800000000000182e+03,-5.175132479441857392e-01,-1.315840656526095387e+01
2.678400000000000091e+03,-4.391535084656968957e-01,-1.329489144084293173e+01
2.682000000000000000e+03,-3.588508591001895454e-01,-1.342169072990881773e+01
2.685599999999999909e+03,-2.767798509084994363e-01,-1.353867732365646148e+01
2.689200000000000273e+03,-1.931183189453233862e-01,-1.364575539565492157e+01
2.692800000000000182e+03,-1.080464432253069040e-01,-1.374286036858316074e+01
2.696400000000000091e+03,-2.174581214633716439e-02,-1.382995876708831595e+01
2.700000000000000000e+03,6.560150713743437279e-02,-1.390704795818068540e+01
2.703599999999999909e+03,1.538138869740568460e-01,-1.397415578102151734e+01
2.707200000000000273e+03,2.427110417776376650e-01,-1.403134006838621772e+01
2.710800000000000182e+03,3.321149106856384758e-01,-1.407868806250215954e+01
2.714400000000000091e+03,4.218505162294600153e-01,-1.411631572836195936e+01
2.718000000000000000e+03,5.117467950900489448e-01,-1.414436696800071047e+01
2.721599999999999909e+03,6.016373971782106311e-01,-1.416301273959590290e+01
2.725200000000000273e+03,6.913614494654970466e-01,-1.417245008560127140e+01
2.728800000000000182e+03,7.807642811923418691e-01,-1.417290107445880132e+01
2.732400000000000091e+03,8.696981072960392467e-01,-1.416461166074491906e+01
2.736000000000000000e+03,9.580226671311391495e-01,-1.414785046889739384e+01
2.739599999999999909e+03,1.045605815796021965e+00,-1.412290750593615485e+01
2.743200000000000273e+03,1.132324065633313115e+00,-1.409009280883436865e+01
2.746800000000000182e+03,1.218063075733948120e+00,-1.404973503241396315e+01
2.750400000000000091e+03,1.302718087547065196e+00,-1.400217998383204510e+01
2.754000000000000000e+03,1.386194304975859160e+00,-1.394778910989054488e+01
2.757599999999999909e+03,1.468407217624948080e+00,-1.388693794354031397e+01
2.761200000000000273e+03,1.549282866153043114e+00,-1.382001451606238085e+01
2.764800000000000182e+03,1.628758048977609452e+00,-1.374741774149308604e+01
2.768400000000000091e+03,1.706780469871110428e+00,-1.366955577991607029e+01
2.772000000000000000e+03,1.783308826282978377e+00,-1.358684438627176405e+01
2.775599999999999909e+03,1.858312838513721976e+00,-1.349970525133615951e+01
2.779200000000000273e+03,1.931773220157607440e+00,-1.340856434149302423e+01
2.782800000000000182e+03,2.003681590516775302e+00,-1.331385024386896987e+01
2.786400000000000091e+03,2.074040329969732976e+00,-1.321599252332000773e+01
2.790000000000000000e+03,2.142862379551845109e+00,-1.311542009764958117e+01
2.793599999999999909e+03,2.210170986270827420e+00,-1.301255963730537957e+01
2.797200000000000273e+03,2.275999395937762237e+00,-1.290783399564274703e+01
2.800800000000000182e+03,2.340390495540035420e+00,-1.280166067566101340e+01
2.804400000000000091e+03,2.403396407418144864e+00,-1.269445033891193120e+01
2.808000000000000000e+03,2.465078037730219052e+00,-1.258660536205295877e+01
2.811599999999999909e+03,2.525504581897443757e+00,-1.247851844626772078e+01
2.815200000000000273e+03,2.584752989917411981e+00,-1.237057128450870636e+01
2.818800000000000182e+03,2.642907394611886840e+00,-1.226313329122910822e+01
2.822400000000000091e+03,2.700058506037981587e+00,-1.215656039896709473e+01
2.826000000000000000e+03,2.756302975437805003e+00,-1.205119392582598259e+01
2.829599999999999909e+03,2.811742732230461783e+00,-1.194735951755924930e+01
2.833200000000000273e+03,2.866484297660462754e+00,-1.184536616762364503e+01
2.836800000000000182e+03,2.920638078809286053e+00,-1.174550531820503529e+01
2.840400000000000091e+03,2.974317646749812027e+00,-1.164805004485563522e+01
2.844000000000000000e+03,3.027639002678301328e+00,-1.155325432700569266e+01
2.847599999999999909e+03,3.080719835893405811e+00,-1.146135240623262952e+01
2.851200000000000273e+03,3.133678777508328128e+00,-1.137255823378501951e+01
2.854800000000000182e+03,3.186634653778611881e+00,-1.128706500847140504e+01
2.858400000000000091e+03,3.239705742906440200e+00,-1.120504480563482375e+01
2.862000000000000000e+03,3.293009039140803562e+00,-1.112664829754635498e+01
2.865599999999999909e+03,3.346659527933775191e+00,-1.105200456516494079e+01
2.869200000000000273e+03,3.400769475835197841e+00,-1.098122100082950503e+01
2.872800000000000182e+03,3.455447738712659866e+00,-1.091438330107352783e+01
2.876400000000000091e+03,3.510799091771424685e+00,-1.085155554838320136e+01
2.880000000000000000e+03,3.566923584719570162e+00,-1.079278038036104270e+01
2.883599999999999909e+03,3.623915925279396877e+00,-1.073807924440680317e+01
2.887200000000000273e+03,3.681864894085866702e+00,-1.068745273568994136e+01
2.890800000000000182e+03,3.740852793839640089e+00,-1.064088101586289881e+01
2.894400000000000091e+03,3.800954935394753154e+00,-1.059832430965441752e+01
2.898000000000000000e+03,3.862239163262218611e+00,-1.055972347618653906e+01
2.901599999999999909e+03,3.924765422800159165e+00,-1.052500065158191056e+01
2.905200000000000273e+03,3.988585371140966451e+00,-1.049405995916651868e+01
2.908800000000000182e+03,4.053742033676233980e+00,-1.046678828333235423e+01
2.912400000000000091e+03,4.120269507683524068e+00,-1.044305610290210495e+01
2.916000000000000000e+03,4.188192714434914699e+00,-1.042271837963647840e+01
2.919599999999999909e+03,4.257527200878353568e+00,-1.040561549734468549e+01
2.923200000000000273e+03,4.328278991729804126e+00,-1.039157424689939191e+01
2.926800000000000182e+03,4.400444492557835652e+00,-1.038040885232152633e+01
2.930400000000000091e+03,4.474010444185104518e+00,-1.037192203298565829e+01
2.934000000000000000e+03,4.548953928472849739e+00,-1.036590609690628106e+01
2.937599999999999909e+03,4.625242425298059068e+00,-1.036214405999645471e+01
2.941200000000000273e+03,4.702833920277663005e+00,-1.036041078614573152e+01
2.944800000000000182e+03,4.781677062543517209e+00,-1.036047414294200841e+01
2.948400000000000091e+03,4.861711371624535261e+00,-1.036209616786272036e+01
2.952000000000000000e+03,4.942867492252410067e+00,-1.036503423978460425e+01
2.955599999999999909e+03,5.025067495672706386e+00,-1.036904225070657226e+01
2.959200000000000273e+03,5.108225225818291193e+00,-1.037387177264849747e+01
2.962800000000000182e+03,5.192246688484972950e+00,-1.037927321477708986e+01
2.966400000000000091e+03,5.277030481443116372e+00,-1.038499696592026567e+01
2.970000000000000000e+03,5.362468263224139164e+00,-1.039079451776077612e+01
2.973599999999999909e+03,5.448445258137149416e+00,-1.039641956414892121e+01
2.977200000000000273e+03,5.534840794901482397e+00,-1.040162907214127230e+01
2.980800000000000182e+03,5.621528876123716323e+00,-1.040618432055707920e+01
2.984400000000000091e+03,5.708378775706221653e+00,-1.040985190204469291e+01
2.988000000000000000e+03,5.795255661146571313e+00,-1.041240468486682680e+01
2.991599999999999909e+03,5.882021237576160466e+00,-1.041362273084359913e+01
2.995200000000000273e+03,5.968534410290128989e+00,-1.041329416613556624e+01
2.998800000000000182e+03,6.054651962442268776e+00,-1.041121600180391304e+01
3.002400000000000091e+03,6.140229244515384543e+00,-1.040719490135028025e+01
3.006000000000000000e+03,6.225120872132819727e+00,-1.040104789271302366e+01
3.009599999999999909e+03,6.309181428747934639e+00,-1.039260302247887147e+01
3.013200000000000273e+03,6.392266169737215620e+00,-1.038169995035744009e+01
3.016800000000000182e+03,6.474231724428868517e+00,-1.036819048225946105e+01
3.020400000000000091e+03,6.554936792621006703e+00,-1.035193904061666359e+01
3.024000000000000000e+03,6.634242832183971927e+00,-1.033282307088039076e+01
3.027599999999999909e+03,6.712014734396836602e+00,-1.031073338343621870e+01
3.031200000000000273e+03,6.788121483741265116e+00,-1.028557443047107434e+01
3.034800000000000182e+03,6.862436798963344131e+00,-1.025726451762708180e+01
3.038400000000000091e+03,6.934839752318119999e+00,-1.022573595057030538e+01
3.042000000000000000e+03,7.005215364029004910e+00,-1.019093511689256992e+01
3.045599999999999909e+03,7.073455169126791731e+00,-1.015282250404787412e+01
3.049200000000000273e+03,7.139457753978087240e+00,-1.011137265430194709e+01
3.052800000000000182e+03,7.203129259970878273e+00,-1.006657405794177507e+01
3.056400000000000091e+03,7.264383851994690389e+00,-1.001842898625066702e+01
3.060000000000000000e+03,7.323144149532839542e+00,-9.966953266003459433e+00
3.063599999999999909e+03,7.379341618374838596e+00,-9.912175997472774114e+00
3.067200000000000273e+03,7.432916921155555023e+00,-9.854139218162309533e+00
3.070800000000000182e+03,7.483820225135288773e+00,-9.792897514693933658e+00
3.074400000000000091e+03,7.532011465847821441e+00,-9.728517585472602036e+00
3.078000000000000000e+03,7.577460565463637998e+00,-9.661077756934963290e+00
3.081599999999999909e+03,7.620147604938821928e+00,-9.590667456354458054e+00
3.085200000000000273e+03,7.660062949248117370e+00,-9.517386644325664946e+00
3.088800000000000182e+03,7.697207325229897812e+00,-9.441345210184950432e+00
3.092400000000000091e+03,7.731591851802220638e+00,-9.362662333740848553e+00
3.096000000000000000e+03,7.763238022539739269e+00,-9.281465816787212830e+00
3.099599999999999909e+03,7.792177640831384089e+00,-9.197891387954195253e+00
3.103200000000000273e+03,7.818452708066341295e+00,-9.112081984515608468e+00
3.106800000000000182e+03,7.842115265520124723e+00,-9.024187014818339847e+00
3.110400000000000091e+03,7.863227190832617453e+00,-8.934361605027078213e+00
3.114000000000000000e+03,7.881859950184171737e+00,-8.842765833889187022e+00
3.117599999999999909e+03,7.898094307484100796e+00,-8.749563959217258713e+00
3.121200000000000273e+03,7.912019992085869369e+00,-8.654923639763362431e+00
3.124800000000000182e+03,7.923735326735748430e+00,-8.559015156117801837e+00
3.128400000000000091e+03,7.933346817643879056e+00,-8.462010634208420257e+00
3.132000000000000000e+03,7.940968708739276849e+00,-8.364083274902467835e+00
3.135599999999999909e+03,7.946722502331669880e+00,-8.265406593125431911e+00
3.139200000000000273e+03,7.950736448552557789e+00,-8.166153669806783810e+00
3.142800000000000182e+03,7.953145006085224011e+00,-8.066496419845927690e+00
3.146400000000000091e+03,7.954088276817319780e+00,-7.966604879160593455e+00
3.150000000000000000e+03,7.953711417160520547e+00,-7.866646513736577084e+00
3.153599999999999909e+03,7.952164028877813706e+00,-7.766785553443257939e+00
3.157200000000000273e+03,7.949599532341387942e+00,-7.667182353213322088e+00
3.160800000000000182e+03,7.946174525210921047e+00,-7.567992784010382223e+00
3.164400000000000091e+03,7.942048129574537541e+00,-7.469367655823507590e+00
3.168000000000000000e+03,7.937381330631429144e+00,-7.371452174736646157e+00
3.171599999999999909e+03,7.932336310016712133e+00,-7.274385435921528753e+00
3.175200000000000273e+03,7.927075776875552648e+00,-7.178299954199562016e+00
3.178800000000000182e+03,7.921762299784217198e+00,-7.083321233608432799e+00
3.182400000000000091e+03,7.916557642591825150e+00,-6.989567377198136811e+00
3.186000000000000000e+03,7.911622107217024968e+00,-6.897148738065554952e+00
3.189599999999999909e+03,7.907113886380281897e+00,-6.806167612421645252e+00
3.193200000000000273e+03,7.903188429184063502e+00,-6.716717975269120622e+00
3.196800000000000182e+03,7.899997822371036094e+00,-6.628885259052855972e+00
3.200400000000000091e+03,7.897690189995087096e+00,-6.542746175432879063e+00
3.204000000000000000e+03,7.896409114131317075e+00,-6.458368580118542646e+00
3.207599999999999909e+03,7.896293079130590975e+00,-6.375811380496940295e+00
3.211200000000000273e+03,7.897474941792054004e+00,-6.295124485586434560e+00
3.214800000000000182e+03,7.900081429683779355e+00,-6.216348797651213509e+00
3.218400000000000091e+03,7.904232669688626700e+00,-6.139516244623139052e+00
3.222000000000000000e+03,7.910041748690042063e+00,-6.064649852296662758e+00
3.225599999999999909e+03,7.917614308141597057e+00,-5.991763855088687585e+00
3.229200000000000273e+03,7.927048174085958188e+00,-5.920863843992279385e+00
3.232800000000000182e+03,7.938433024004159400e+00,-5.851946950198323449e+00
3.236400000000000091e+03,7.951850091685680688e+00,-5.785002062715967064e+00
3.240000000000000000e+03,7.967371911114981664e+00,-5.720010078190027158e+00
3.243599999999999909e+03,7.985062100171831823e+00,-5.656944180992076632e+00
3.247200000000000273e+03,8.004975184741482508e+00,-5.595770151553061567e+00
3.250800000000000182e+03,8.027156463628656979e+00,-5.536446700807942989e+00
3.254400000000000091e+03,8.051641914466133088e+00,-5.478925828538999454e+00
3.258000000000000000e+03,8.078458140606485927e+00,-5.423153203332373273e+00
3.261599999999999909e+03,8.107622358784695393e+00,-5.369068561804523299e+00
3.265200000000000273e+03,8.139142427141306868e+00,-5.316606124709300829e+00
3.268800000000000182e+03,8.173016913001148964e+00,-5.265695027504643910e+00
3.272400000000000091e+03,8.209235199612670897e+00,-5.216259762938125100e+00
3.276000000000000000e+03,8.247777630868519338e+00,-5.168220633205026004e+00
3.279599999999999909e+03,8.288615692849916172e+00,-5.121494209238654172e+00
3.283200000000000273e+03,8.331712230866489932e+00,-5.075993794712063689e+00
3.286800000000000182e+03,8.377021700500760559e+00,-5.031629892361897838e+00
3.290400000000000091e+03,8.424490451012569991e+00,-4.988310670287940063e+00
3.294000000000000000e+03,8.474057039314718764e+00,-4.945942425937391640e+00
3.297599999999999909e+03,8.525652572597275380e+00,-4.904430045548044959e+00
3.301200000000000273e+03,8.579201077555119070e+00,-4.863677456901446483e+00
3.304800000000000182e+03,8.634619894062021572e+00,-4.823588073322667924e+00
3.308400000000000091e+03,8.691820091035232565e+00,-4.784065226959449468e+00
3.312000000000000000e+03,8.750706902147781463e+00,-4.745012589476877984e+00
3.315599999999999909e+03,8.811180178971373067e+00,-4.706334578416282888e+00
3.319200000000000273e+03,8.873134859072505876e+00,-4.667936747585830659e+00
3.322800000000000182e+03,8.936461446536123177e+00,-4.629726159976082833e+00
3.326400000000000091e+03,9.001046502358091672e+00,-4.591611741824909387e+00
3.330000000000000000e+03,9.066773142126628215e+00,-4.553504616592052301e+00
3.333599999999999909e+03,9.133521538406830231e+00,-4.515318417744019541e+00
3.337200000000000273e+03,9.201169425249116074e+00,-4.476969579392616971e+00
3.340800000000000182e+03,9.269592602262976655e+00,-4.438377603976532804e+00
3.344400000000000091e+03,9.338665435731279274e+00,-4.399465306321782343e+00
3.348000000000000000e+03,9.408261354287153821e+00,-4.360159033564969810e+00
3.351599999999999909e+03,9.478253336735397383e+00,-4.320388860570274048e+00
3.355200000000000273e+03,9.548514389671781899e+00,-4.280088760617821286e+00
3.358800000000000182e+03,9.618918012638351556e+00,-4.239196751285409626e+00
3.362400000000000091e+03,9.689338648647034091e+00,-4.197655015587685945e+00
3.366000000000000000e+03,9.759652118011294064e+00,-4.155409998575342989e+00
3.369599999999999909e+03,9.829736033540452667e+00,-4.112412479731415438e+00
3.373200000000000273e+03,9.899470195278517792e+00,-4.068617621631433146e+00
3.376800000000000182e+03,9.968736963102994508e+00,-4.023984995458235403e+00
3.380400000000000091e+03,1.003742160564246078e+01,-3.978478584080613611e+00
3.384000000000000000e+03,1.010541262412148811e+01,-3.932066763515890795e+00
3.387599999999999909e+03,1.017260204989762151e+01,-3.884722263701154255e+00
3.391200000000000273e+03,1.023888571461761465e+01,-3.836422109593874641e+00
3.394800000000000182e+03,1.030416349208581295e+01,-3.787147543711206321e+00
3.398400000000000091e+03,1.036833951110876306e+01,-3.736883931296644423e+00
3.402000000000000000e+03,1.043132233875218695e+01,-3.685620649373761548e+00
3.405599999999999909e+03,1.049302513362234279e+01,-3.633350961008051883e+00
3.409200000000000273e+03,1.055336576895857981e+01,-3.580071876150364929e+00
3.412800000000000182e+03,1.061226692550032702e+01,-3.525784000477573343e+00
3.416400000000000091e+03,1.066965615426603975e+01,-3.470491373679513103e+00
3.420000000000000000e+03,1.072546590955432144e+01,-3.414201298663732675e+00
3.423599999999999909e+03,1.077963355264755485e+01,-3.356924163163372832e+00
3.427200000000000273e+03,1.083210132686382110e+01,-3.298673255236968860e+00
3.430800000000000182e+03,1.088281630476480544e+01,-3.239464574142803865e+00
3.434400000000000091e+03,1.093173030848253369e+01,-3.179316638055443622e+00
3.438000000000000000e+03,1.097879980427770086e+01,-3.118250290067014152e+00
3.441599999999999909e+03,1.102398577258373535e+01,-3.056288503882659047e+00
3.445200000000000273e+03,1.106725355492593188e+01,-2.993456190577099552e+00
3.448800000000000182e+03,1.110857267922953007e+01,-2.929780007729234637e+00
3.452400000000000091e+03,1.114791666514757473e+01,-2.865288172193020344e+00
3.456000000000000000e+03,1.118526281114535159e+01,-2.800010277697912997e+00
3.459599999999999909e+03,1.122059196517404800e+01,-2.733977118399141037e+00
3.463200000000000273e+03,1.125388828085119997e+01,-2.667220519419754687e+00
3.466800000000000182e+03,1.128513896113867965e+01,-2.599773175341856923e+00
3.470400000000000091e+03,1.131433399157091735e+01,-2.531668497514499183e+00
3.474000000000000000e+03,1.134146586513494626e+01,-2.462940470952059258e+00
3.477599999999999909e+03,1.136652930094152758e+01,-2.393623521498344786e+00
3.481200000000000273e+03,1.138952095885074378e+01,-2.323752393831039154e+00
3.484800000000000182e+03,1.141043915222732608e+01,-2.253362040776708319e+00
3.488400000000000091e+03,1.142928356100024168e+01,-2.182487524301708337e+00
3.492000000000000000e+03,1.144605494718740779e+01,-2.111163928436982751e+00
3.495599999999999909e+03,1.146075487502003298e+01,-2.039426284288252678e+00
3.499200000000000273e+03,1.147338543776270292e+01,-1.967309507175682093e+00
3.502800000000000182e+03,1.148394899327417207e+01,-1.894848345841873227e+00
3.506400000000000091e+03,1.149244791029113166e+01,-1.822077343562311880e+00
3.510000000000000000e+03,1.149888432734272214e+01,-1.749030810890933152e+00
3.513599999999999909e+03,1.150325992611790582e+01,-1.675742809674632960e+00
3.517200000000000273e+03,1.150557572101150861e+01,-1.602247147875015099e+00
3.520800000000000182e+03,1.150583186646839273e+01,-1.528577384645335213e+00
3.524400000000000091e+03,1.150402748362885674e+01,-1.454766845023782729e+00
3.528000000000000000e+03,1.150016050765359843e+01,-1.380848643524239305e+00
3.531599999999999909e+03,1.149422755697321819e+01,-1.306855715830139264e+00
3.535200000000000273e+03,1.148622382556648525e+01,-1.232820857729272745e+00
3.538800000000000182e+03,1.147614299922396874e+01,-1.158776770365082198e+00
3.542400000000000091e+03,1.146397719660027725e+01,-1.084756110826240905e+00
3.546000000000000000e+03,1.144971693569961779e+01,-1.010791547048783601e+00
3.549599999999999909e+03,1.143335112627637429e+01,-9.369158159667029251e-01
3.553200000000000273e+03,1.141486708846682774e+01,-8.631617838154979072e-01
3.556800000000000182e+03,1.139425059779888194e+01,-7.895625074709153868e-01
3.560400000000000091e+03,1.137148595655749084e+01,-7.161512956910965899e-01
3.564000000000000000e+03,1.134655609131232090e+01,-6.429617691244352562e-01
3.567599999999999909e+03,1.131944267624460032e+01,-5.700279179491629655e-01
3.571200000000000273e+03,1.129012628174068134e+01,-4.973841560217327484e-01
3.574800000000000182e+03,1.125858654755430344e+01,-4.250653704320475623e-01
3.578400000000000091e+03,1.122480237967519479e+01,-3.531069653916035778e-01
3.582000000000000000e+03,1.118875216988343446e+01,-2.815448994183091247e-01
3.585599999999999909e+03,1.115041403681439292e+01,-2.104157148261324439e-01
3.589200000000000273e+03,1.110976608721084347e+01,-1.397565585812345079e-01
3.592800000000000182e+03,1.106678669589744857e+01,-6.960519364594310032e-02
3.596400000000000091e+03,1.102145480287896007e+01,-2.699477869258588117e-15